Workbook

Sheet Read me
A1: LTP scenarios: trading rules from the Detailed Chart of Accuracy
A2: Built 2026-10-13 from the free course practice tool (529 cases captured and matched by our engine) and the knowledge graph.
A4: How to use
A5: 1. Sheet "Lookup": type the COA box (1 to 9) and the support and resistance condition numbers in the yellow cells. The outcome fills in.
A6: 2. Sheet "All cases": every one of the 529 cases, filterable. The label reads scenario(S<support no.>/R<resistance no.>), for example 6(S3/R1); the signal tag adds the side tags: 6(S3/R1) S-Bearish R-Bullish(H).
A7: 3. Sheet "Conditions": the 23 numbered history conditions and the pressure each gives. Sheet "Pressure pairs": the pair of pressures and the top and bottom it gives.
A8: 4. Sheet "Scenarios": the nine boxes. Sheet "Rules": each rule with its source. Sheet "Open questions": what is still undecided.
A10: Legend
A11: Yellow cell = type here. Side tags: S-Bearish, R-Bullish, R-Stable, with (H) when high. Pressure: stable strong, bearish, bullish, highly bearish, highly bullish. Top and bottom: EOR / EOR+1 / WTT-1 and EOS / EOS-1 / WTB+1; "none" = no top (Bull Run) or no bottom (Blood Bath).
A12: Source tags: course = free course or its practice tool; tool = observed on the live tool; owner = told to us by the system's owner; ours = our own choice.
A14: What this is not
A15: The practice tool gives the top and bottom only. Which entries are safe, moderate or risky in each scenario, and the stops, targets and times, are NOT in it and are still open (sheet "Open questions").
... A18: The pressure of each condition is our reading of the tool's wording, confirmed with the owner condition by condition on 2026-10-13. "~" in the app means the history is not one of the listed shapes.

Sheet Lookup
A1: Lookup: pick a case, read the outcome
A2: Type in the yellow cells. Box 1 to 9; condition numbers as in the tool (13 for a Strong side, 5 for a weak side; see sheet "Scenarios").
A4: COA box (1 to 9) | B4: 6 | C4: Example row: box 6, support condition 1, resistance condition 1 (both weak toward bottom, plain).
A5: Support condition no. | B5: 1
A6: Resistance condition no. | B6: 1
A8: Key | B8: =B4&"|"&B5&"|"&B6
A9: Row in "All cases" | B9: =IFERROR(MATCH(B8,'All cases'!$A$2:$A$530,0),0)
A11: RESULT
A12: Label | B12: =IF($B$9=0,"Not a combination offered in this box",INDEX('All cases'!$C$2:$C$530,$B$9))
A13: Signal tag | B13: =IF($B$9=0,"Not a combination offered in this box",INDEX('All cases'!$D$2:$D$530,$B$9))
A14: Support now | B14: =IF($B$9=0,"Not a combination offered in this box",INDEX('All cases'!$E$2:$E$530,$B$9))
A15: Resistance now | B15: =IF($B$9=0,"Not a combination offered in this box",INDEX('All cases'!$F$2:$F$530,$B$9))
A16: Support history (tool wording) | B16: =IF($B$9=0,"Not a combination offered in this box",INDEX('All cases'!$H$2:$H$530,$B$9))
A17: Support pressure | B17: =IF($B$9=0,"Not a combination offered in this box",INDEX('All cases'!$I$2:$I$530,$B$9))
A18: Resistance history (tool wording) | B18: =IF($B$9=0,"Not a combination offered in this box",INDEX('All cases'!$K$2:$K$530,$B$9))
A19: Resistance pressure | B19: =IF($B$9=0,"Not a combination offered in this box",INDEX('All cases'!$L$2:$L$530,$B$9))
A20: Tug of war | B20: =IF($B$9=0,"Not a combination offered in this box",INDEX('All cases'!$M$2:$M$530,$B$9))
A21: Expected TOP | B21: =IF($B$9=0,"Not a combination offered in this box",INDEX('All cases'!$N$2:$N$530,$B$9))
A22: Expected BOTTOM | B22: =IF($B$9=0,"Not a combination offered in this box",INDEX('All cases'!$O$2:$O$530,$B$9))
A23: Outcome | B23: =IF($B$9=0,"Not a combination offered in this box",INDEX('All cases'!$P$2:$P$530,$B$9))
A24: Trades possible | B24: =IF($B$9=0,"Not a combination offered in this box",INDEX('All cases'!$Q$2:$Q$530,$B$9))
A25: Risky trade (tug of war) | B25: =IF($B$9=0,"Not a combination offered in this box",INDEX('All cases'!$R$2:$R$530,$B$9))
A26: The tool's explanation | B26: =IF($B$9=0,"Not a combination offered in this box",INDEX('All cases'!$S$2:$S$530,$B$9))

Sheet Scenarios
A1: COA box (= scenario) | B1: Support now | C1: Resistance now | D1: Basic bias | E1: Support conditions | F1: Resistance conditions | G1: Cases
A2: 1 | B2: Strong | C2: Strong | D2: Both ways | E2: 13 | F2: 13 | G2: =E2*F2
A3: 2 | B3: Strong | C3: WTB (weak toward bottom) | D3: Bearish (support expected to break) | E3: 13 | F3: 5 | G3: =E3*F3
A4: 3 | B4: Strong | C4: WTT (weak toward top) | D4: Bullish (resistance expected to break) | E4: 13 | F4: 5 | G4: =E4*F4
A5: 4 | B5: WTB (weak toward bottom) | C5: Strong | D5: Bearish | E5: 5 | F5: 13 | G5: =E5*F5
A6: 5 | B6: WTT (weak toward top) | C6: Strong | D6: Bullish | E6: 5 | F6: 13 | G6: =E6*F6
A7: 6 | B7: WTB (weak toward bottom) | C7: WTB (weak toward bottom) | D7: Blood Bath (highly bearish) | E7: 5 | F7: 5 | G7: =E7*F7
A8: 7 | B8: WTT (weak toward top) | C8: WTT (weak toward top) | D8: Bull Run (highly bullish) | E8: 5 | F8: 5 | G8: =E8*F8
A9: 8 | B9: WTB (weak toward bottom) | C9: WTT (weak toward top) | D9: Not tradable | E9: 5 | F9: 5 | G9: =E9*F9
A10: 9 | B10: WTT (weak toward top) | C10: WTB (weak toward bottom) | D10: Not tradable | E10: 5 | F10: 5 | G10: =E10*F10
F11: Total | G11: =SUM(G2:G10)

Sheet Conditions
A1: Applies to a side that is | B1: Condition no. | C1: The tool's wording | D1: Our event log (init, up, down, wtt, wtb, fromWtt, fromWtb) | E1: Pressure it gives
A2: Strong side | B2: 1 | C2: STRONG SINCE MORNING | D2: init | E2: stable strong
A3: Strong side | B3: 2 | C3: STRONG BUT SHIFTED FROM TOP TO BOTTOM (SINGLE SHIFTING) | D3: init > down | E3: bearish
A4: Strong side | B4: 3 | C4: STRONG BUT SHIFTED FROM BOTTOM TO TOP (SINGLE SHIFTING) | D4: init > up | E4: bullish
A5: Strong side | B5: 4 | C5: INITIALLY WTB THEN BECAME STRONG | D5: wtb > fromWtb | E5: bullish
A6: Strong side | B6: 5 | C6: INITIALLY WTT THEN BECAME STRONG | D6: wtt > fromWtt | E6: bearish
A7: Strong side | B7: 6 | C7: SHIFTED FROM TOP TO BOTTOM AND AGAIN SHIFTED TO BOTTOM AND NOW STRONG (DOUBLE SHIFTING) | D7: init > down > wtt > fromWtt > down | E7: highly bearish
A8: Strong side | B8: 7 | C8: SHIFTED FROM BOTTOM TO TOP AND AGAIN SHIFTED TO TOP AND NOW STRONG (DOUBLE SHIFTING) | D8: init > up > wtb > fromWtb > up | E8: highly bullish
A9: Strong side | B9: 8 | C9: SHIFTED FROM TOP TO BOTTOM BECAME STRONG, THEN AGAIN SHIFTED FROM BOTTOM TO TOP AT ANY PLACE AND NOW STRONG | D9: init > down > wtb > wtt > fromWtt > up > wtt > wtb > fromWtb | E9: bullish
A10: Strong side | B10: 9 | C10: SHIFTED FROM TOP TO BOTTOM [WTT % IS THERE IN CONTINUATION] AND THEN BECAME WTT AT NEW PLACE AND ALSO SHIFTED THERE AND NOW STRONG | D10: init > down > wtt > wtt > up | E10: bullish
A11: Strong side | B11: 10 | C11: SHIFTED FROM TOP TO BOTTOM [WTT % IS THERE IN CONTINUATION] AND THEN BECAME WTT AT NEW PLACE AND THEN BECAME STRONG (NOT SHIFTED) | D11: init > down > wtt > wtt > fromWtt | E11: bearish
A12: Strong side | B12: 11 | C12: SHIFTED FROM BOTTOM TO TOP BECAME STRONG, THEN AGAIN SHIFTED FROM TOP TO BOTTOM AT ANY PLACE AND NOW STRONG | D12: init > up > wtt > wtb > fromWtb > down > wtb > wtt > fromWtt | E12: bearish
A13: Strong side | B13: 12 | C13: SHIFTED FROM BOTTOM TO TOP [WTB % IS THERE IN CONTINUATION] AND THEN BECAME WTB AT NEW PLACE AND ALSO SHIFTED THERE AND NOW STRONG | D13: init > up > wtb > wtb > down | E13: bearish
... A24: Weak toward top | B24: 5 | C24: SHIFTED FROM TOP TO BOTTOM [WTT % IS THERE IN CONTINUATION] AND THEN WTT AT NEW PLACE | D24: init > down > wtt > wtt | E24: bullish

Sheet Pressure pairs
A1: Tags | B1: Support pressure | C1: Resistance pressure | D1: Tug of war | E1: Top | F1: Bottom | G1: Top if resistance is weak toward top and bullish | H1: Bottom if support is weak toward bottom and bearish | I1: Tradable | J1: Outcome | K1: Trades possible | L1: Risky trade (tug of war) | M1: Risky levels (rare scenario only)
A2: S-Stable R-Stable | B2: stable strong | C2: stable strong | D2: Balanced | E2: EOR | F2: EOS | I2: Yes | J2: Top and bottom | K2: Short at EOR (resistance side); Long at EOS (support side) | L2: No risky trade
A3: S-Stable R-Bearish | B3: stable strong | C3: bearish | D3: Bears winning | E3: EOR | F3: EOS-1 | I3: Yes | J3: Top and bottom | K3: Short at EOR (resistance side); Long at EOS-1 (support side) | L3: No risky trade
A4: S-Stable R-Bullish | B4: stable strong | C4: bullish | D4: Bulls winning | E4: EOR+1 | F4: EOS | G4: WTT-1 | I4: Yes | J4: Top and bottom | K4: Short at EOR+1 (resistance side); Long at EOS (support side) | L4: No risky trade
A5: S-Stable R-Bearish(H) | B5: stable strong | C5: highly bearish | D5: Bears winning | E5: EOR | F5: none | I5: Yes | J5: Blood Bath (no bottom) | K5: Short at EOR (resistance side); No long from a bottom (Blood Bath) | L5: Risky SHORT allowed at the tool's Risky level
A6: S-Stable R-Bullish(H) | B6: stable strong | C6: highly bullish | D6: Bulls winning | E6: none | F6: EOS | I6: Yes | J6: Bull Run (no top) | K6: No short from a top (Bull Run); Long at EOS (support side) | L6: Risky LONG allowed at the tool's Risky level
A7: S-Bearish R-Stable | B7: bearish | C7: stable strong | D7: Bears winning | E7: EOR | F7: EOS-1 | H7: WTB+1 | I7: Yes | J7: Top and bottom | K7: Short at EOR (resistance side); Long at EOS-1 (support side) | L7: No risky trade
A8: S-Bearish R-Bearish | B8: bearish | C8: bearish | D8: Bears winning | E8: EOR | F8: none | I8: Yes | J8: Blood Bath (no bottom) | K8: Short at EOR (resistance side); No long from a bottom (Blood Bath) | L8: Risky SHORT allowed at the tool's Risky level
A9: S-Bearish R-Bullish | B9: bearish | C9: bullish | D9: Contested (sides pull apart) | E9: EOR+1 | F9: EOS-1 | G9: WTT-1 | H9: WTB+1 | I9: Yes | J9: Top and bottom | K9: Short at EOR+1 (resistance side); Long at EOS-1 (support side) | L9: No risky trade
A10: S-Bearish R-Bearish(H) | B10: bearish | C10: highly bearish | D10: Bears winning | E10: EOR | F10: none | I10: Yes | J10: Blood Bath (no bottom) | K10: Short at EOR (resistance side); No long from a bottom (Blood Bath) | L10: VERY RISKY SHORT allowed at the nearest end of diversion (and a risky one at the tool's Risky level)
A11: S-Bearish R-Bullish(H) | B11: bearish | C11: highly bullish | D11: Contested (sides pull apart) | E11: EOR+1 | F11: EOS | G11: WTT-1 | H11: WTB+1 | I11: Yes | J11: Top and bottom | K11: Short at EOR+1 (resistance side); Long at EOS (support side) | L11: No risky trade
A12: S-Bullish R-Stable | B12: bullish | C12: stable strong | D12: Bulls winning | E12: EOR+1 | F12: EOS | I12: Yes | J12: Top and bottom | K12: Short at EOR+1 (resistance side); Long at EOS (support side) | L12: No risky trade
A13: S-Bullish R-Bearish | B13: bullish | C13: bearish | D13: Contested (sides pull apart) | E13: EOR+1 | F13: EOS-1 | I13: Yes | J13: Top and bottom | K13: Short at EOR+1 (resistance side); Long at EOS-1 (support side) | L13: No risky trade
A14: S-Bullish R-Bullish | B14: bullish | C14: bullish | D14: Bulls winning | E14: none | F14: EOS | I14: Yes | J14: Bull Run (no top) | K14: No short from a top (Bull Run); Long at EOS (support side) | L14: Risky LONG allowed at the tool's Risky level
A15: S-Bullish R-Bearish(H) | B15: bullish | C15: highly bearish | D15: Contested (sides pull apart) | E15: EOR | F15: EOS-1 | I15: Yes | J15: Top and bottom | K15: Short at EOR (resistance side); Long at EOS-1 (support side) | L15: No risky trade
A16: S-Bullish R-Bullish(H) | B16: bullish | C16: highly bullish | D16: Bulls winning | E16: none | F16: EOS | I16: Yes | J16: Bull Run (no top) | K16: No short from a top (Bull Run); Long at EOS (support side) | L16: VERY RISKY LONG allowed at the nearest end of diversion (and a risky one at the tool's Risky level)
A17: S-Bearish(H) R-Stable | B17: highly bearish | C17: stable strong | D17: Bears winning | E17: EOR | F17: none | I17: Yes | J17: Blood Bath (no bottom) | K17: Short at EOR (resistance side); No long from a bottom (Blood Bath) | L17: Risky SHORT allowed at the tool's Risky level
A18: S-Bearish(H) R-Bearish | B18: highly bearish | C18: bearish | D18: Bears winning | E18: EOR | F18: none | I18: Yes | J18: Blood Bath (no bottom) | K18: Short at EOR (resistance side); No long from a bottom (Blood Bath) | L18: VERY RISKY SHORT allowed at the nearest end of diversion (and a risky one at the tool's Risky level)
A19: S-Bearish(H) R-Bullish | B19: highly bearish | C19: bullish | D19: Contested (sides pull apart) | E19: EOR | F19: EOS-1 | G19: WTT-1 | H19: WTB+1 | I19: Yes | J19: Top and bottom | K19: Short at EOR (resistance side); Long at EOS-1 (support side) | L19: No risky trade
A20: S-Bearish(H) R-Bearish(H) | B20: highly bearish | C20: highly bearish | D20: Bears winning | E20: EOR | F20: none | I20: Yes | J20: Blood Bath (no bottom) | K20: Short at EOR (resistance side); No long from a bottom (Blood Bath) | L20: VERY RISKY SHORT allowed at the nearest end of diversion (and a risky one at the tool's Risky level)
A21: S-Bearish(H) R-Bullish(H) | B21: highly bearish | C21: highly bullish | D21: Contested (sides pull apart) | E21: none | F21: none | I21: No (rare) | J21: Rare scenario: do not trade | K21: Do not trade (very volatile). For anyone who still trades: risky short at the top shown, risky long at the bottom shown. | L21: No risky trade | M21: EOR+1 / EOS-1
A22: S-Bullish(H) R-Stable | B22: highly bullish | C22: stable strong | D22: Bulls winning | E22: none | F22: EOS | I22: Yes | J22: Bull Run (no top) | K22: No short from a top (Bull Run); Long at EOS (support side) | L22: Risky LONG allowed at the tool's Risky level
A23: S-Bullish(H) R-Bearish | B23: highly bullish | C23: bearish | D23: Contested (sides pull apart) | E23: EOR+1 | F23: EOS | I23: Yes | J23: Top and bottom | K23: Short at EOR+1 (resistance side); Long at EOS (support side) | L23: No risky trade
A24: S-Bullish(H) R-Bullish | B24: highly bullish | C24: bullish | D24: Bulls winning | E24: none | F24: EOS | I24: Yes | J24: Bull Run (no top) | K24: No short from a top (Bull Run); Long at EOS (support side) | L24: VERY RISKY LONG allowed at the nearest end of diversion (and a risky one at the tool's Risky level)
A25: S-Bullish(H) R-Bearish(H) | B25: highly bullish | C25: highly bearish | D25: Contested (sides pull apart) | E25: none | F25: none | I25: No (rare) | J25: Rare scenario: do not trade | K25: Do not trade (very volatile). For anyone who still trades: risky short at the top shown, risky long at the bottom shown. | L25: No risky trade | M25: EOR+1 / EOS-1
A26: S-Bullish(H) R-Bullish(H) | B26: highly bullish | C26: highly bullish | D26: Bulls winning | E26: none | F26: EOS | I26: Yes | J26: Bull Run (no top) | K26: No short from a top (Bull Run); Long at EOS (support side) | L26: VERY RISKY LONG allowed at the nearest end of diversion (and a risky one at the tool's Risky level)

Sheet All cases
A1: Key (box|S|R) | B1: COA box | C1: Label | D1: Signal tag | E1: Support now | F1: Resistance now | G1: Support condition no. | H1: Support history (tool wording) | I1: Support pressure | J1: Resistance condition no. | K1: Resistance history (tool wording) | L1: Resistance pressure | M1: Tug of war | N1: Expected TOP | O1: Expected BOTTOM | P1: Outcome | Q1: Trades possible | R1: Risky trade (tug of war) | S1: The tool's explanation
A2: 1|1|1 | B2: 1 | C2: 1(S1/R1) | D2: 1(S1/R1) S-Stable R-Stable | E2: Strong | F2: Strong | G2: 1 | H2: STRONG SINCE MORNING | I2: stable strong | J2: 1 | K2: STRONG SINCE MORNING | L2: stable strong | M2: Balanced | N2: EOR | O2: EOS | P2: Top and bottom | Q2: Short at EOR (resistance side); Long at EOS (support side) | R2: No risky trade | S2: BOTH SUPPORT & RESISTANCE ARE STABLE STRONG, SO EOR IS THE TOP & EOS IS THE BOTTOM.
A3: 1|1|2 | B3: 1 | C3: 1(S1/R2) | D3: 1(S1/R2) S-Stable R-Bearish | E3: Strong | F3: Strong | G3: 1 | H3: STRONG SINCE MORNING | I3: stable strong | J3: 2 | K3: STRONG BUT SHIFTED FROM TOP TO BOTTOM (SINGLE SHIFTING) | L3: bearish | M3: Bears winning | N3: EOR | O3: EOS-1 | P3: Top and bottom | Q3: Short at EOR (resistance side); Long at EOS-1 (support side) | R3: No risky trade | S3: SUPPORT IS STABLE STRONG BUT RESISTANCE HAS BEARISH PRESSURE, SO EOR CAN BE THE TOP & EOS-1 CAN BE BOTTOM.
A4: 1|1|3 | B4: 1 | C4: 1(S1/R3) | D4: 1(S1/R3) S-Stable R-Bullish | E4: Strong | F4: Strong | G4: 1 | H4: STRONG SINCE MORNING | I4: stable strong | J4: 3 | K4: STRONG BUT SHIFTED FROM BOTTOM TO TOP (SINGLE SHIFTING) | L4: bullish | M4: Bulls winning | N4: EOR+1 | O4: EOS | P4: Top and bottom | Q4: Short at EOR+1 (resistance side); Long at EOS (support side) | R4: No risky trade | S4: SUPPORT IS STABLE STRONG BUT RESISTANCE HAS BULLISH PRESSURE, SO EOR+1 CAN BE THE TOP & EOS CAN BE BOTTOM.
A5: 1|1|4 | B5: 1 | C5: 1(S1/R4) | D5: 1(S1/R4) S-Stable R-Bullish | E5: Strong | F5: Strong | G5: 1 | H5: STRONG SINCE MORNING | I5: stable strong | J5: 4 | K5: INITIALLY WTB THEN BECAME STRONG | L5: bullish | M5: Bulls winning | N5: EOR+1 | O5: EOS | P5: Top and bottom | Q5: Short at EOR+1 (resistance side); Long at EOS (support side) | R5: No risky trade | S5: SUPPORT IS STABLE STRONG BUT RESISTANCE HAS BULLISH PRESSURE, SO EOR+1 CAN BE THE TOP & EOS CAN BE BOTTOM.
A6: 1|1|5 | B6: 1 | C6: 1(S1/R5) | D6: 1(S1/R5) S-Stable R-Bearish | E6: Strong | F6: Strong | G6: 1 | H6: STRONG SINCE MORNING | I6: stable strong | J6: 5 | K6: INITIALLY WTT THEN BECAME STRONG | L6: bearish | M6: Bears winning | N6: EOR | O6: EOS-1 | P6: Top and bottom | Q6: Short at EOR (resistance side); Long at EOS-1 (support side) | R6: No risky trade | S6: SUPPORT IS STABLE STRONG BUT RESISTANCE HAS BEARISH PRESSURE, SO EOR CAN BE THE TOP & EOS-1 CAN BE BOTTOM.
A7: 1|1|6 | B7: 1 | C7: 1(S1/R6) | D7: 1(S1/R6) S-Stable R-Bearish(H) | E7: Strong | F7: Strong | G7: 1 | H7: STRONG SINCE MORNING | I7: stable strong | J7: 6 | K7: SHIFTED FROM TOP TO BOTTOM AND AGAIN SHIFTED TO BOTTOM AND NOW STRONG (DOUBLE SHIFTING) | L7: highly bearish | M7: Bears winning | N7: EOR | O7: none | P7: Blood Bath (no bottom) | Q7: Short at EOR (resistance side); No long from a bottom (Blood Bath) | R7: Risky SHORT allowed at the tool's Risky level | S7: SUPPORT IS STABLE STRONG BUT RESISTANCE HAS HIGHLY BEARISH PRESSURE, SO EOR CAN BE THE TOP BUT THERE IS NO BOTTOM (BLOOD BATH).
A8: 1|1|7 | B8: 1 | C8: 1(S1/R7) | D8: 1(S1/R7) S-Stable R-Bullish(H) | E8: Strong | F8: Strong | G8: 1 | H8: STRONG SINCE MORNING | I8: stable strong | J8: 7 | K8: SHIFTED FROM BOTTOM TO TOP AND AGAIN SHIFTED TO TOP AND NOW STRONG (DOUBLE SHIFTING) | L8: highly bullish | M8: Bulls winning | N8: none | O8: EOS | P8: Bull Run (no top) | Q8: No short from a top (Bull Run); Long at EOS (support side) | R8: Risky LONG allowed at the tool's Risky level | S8: SUPPORT IS STABLE STRONG BUT RESISTANCE HAS HIGHLY BULLISH PRESSURE, SO EOS CAN BE THE BOTTOM BUT THERE IS NO TOP (BULL RUN).
A9: 1|1|8 | B9: 1 | C9: 1(S1/R8) | D9: 1(S1/R8) S-Stable R-Bullish | E9: Strong | F9: Strong | G9: 1 | H9: STRONG SINCE MORNING | I9: stable strong | J9: 8 | K9: SHIFTED FROM TOP TO BOTTOM BECAME STRONG, THEN AGAIN SHIFTED FROM BOTTOM TO TOP AT ANY PLACE AND NOW STRONG | L9: bullish | M9: Bulls winning | N9: EOR+1 | O9: EOS | P9: Top and bottom | Q9: Short at EOR+1 (resistance side); Long at EOS (support side) | R9: No risky trade | S9: SUPPORT IS STABLE STRONG BUT RESISTANCE HAS BULLISH PRESSURE, SO EOR+1 CAN BE THE TOP & EOS CAN BE BOTTOM.
A10: 1|1|9 | B10: 1 | C10: 1(S1/R9) | D10: 1(S1/R9) S-Stable R-Bullish | E10: Strong | F10: Strong | G10: 1 | H10: STRONG SINCE MORNING | I10: stable strong | J10: 9 | K10: SHIFTED FROM TOP TO BOTTOM [WTT % IS THERE IN CONTINUATION] AND THEN BECAME WTT AT NEW PLACE AND ALSO SHIFTED THERE AND NOW STRONG | L10: bullish | M10: Bulls winning | N10: EOR+1 | O10: EOS | P10: Top and bottom | Q10: Short at EOR+1 (resistance side); Long at EOS (support side) | R10: No risky trade | S10: SUPPORT IS STABLE STRONG BUT RESISTANCE HAS BULLISH PRESSURE, SO EOR+1 CAN BE THE TOP & EOS CAN BE BOTTOM.
A11: 1|1|10 | B11: 1 | C11: 1(S1/R10) | D11: 1(S1/R10) S-Stable R-Bearish | E11: Strong | F11: Strong | G11: 1 | H11: STRONG SINCE MORNING | I11: stable strong | J11: 10 | K11: SHIFTED FROM TOP TO BOTTOM [WTT % IS THERE IN CONTINUATION] AND THEN BECAME WTT AT NEW PLACE AND THEN BECAME STRONG (NOT SHIFTED) | L11: bearish | M11: Bears winning | N11: EOR | O11: EOS-1 | P11: Top and bottom | Q11: Short at EOR (resistance side); Long at EOS-1 (support side) | R11: No risky trade | S11: SUPPORT IS STABLE STRONG BUT RESISTANCE HAS BEARISH PRESSURE, SO EOR CAN BE THE TOP & EOS-1 CAN BE BOTTOM.
A12: 1|1|11 | B12: 1 | C12: 1(S1/R11) | D12: 1(S1/R11) S-Stable R-Bearish | E12: Strong | F12: Strong | G12: 1 | H12: STRONG SINCE MORNING | I12: stable strong | J12: 11 | K12: SHIFTED FROM BOTTOM TO TOP BECAME STRONG, THEN AGAIN SHIFTED FROM TOP TO BOTTOM AT ANY PLACE AND NOW STRONG | L12: bearish | M12: Bears winning | N12: EOR | O12: EOS-1 | P12: Top and bottom | Q12: Short at EOR (resistance side); Long at EOS-1 (support side) | R12: No risky trade | S12: SUPPORT IS STABLE STRONG BUT RESISTANCE HAS BEARISH PRESSURE, SO EOR CAN BE THE TOP & EOS-1 CAN BE BOTTOM.
A13: 1|1|12 | B13: 1 | C13: 1(S1/R12) | D13: 1(S1/R12) S-Stable R-Bearish | E13: Strong | F13: Strong | G13: 1 | H13: STRONG SINCE MORNING | I13: stable strong | J13: 12 | K13: SHIFTED FROM BOTTOM TO TOP [WTB % IS THERE IN CONTINUATION] AND THEN BECAME WTB AT NEW PLACE AND ALSO SHIFTED THERE AND NOW STRONG | L13: bearish | M13: Bears winning | N13: EOR | O13: EOS-1 | P13: Top and bottom | Q13: Short at EOR (resistance side); Long at EOS-1 (support side) | R13: No risky trade | S13: SUPPORT IS STABLE STRONG BUT RESISTANCE HAS BEARISH PRESSURE, SO EOR CAN BE THE TOP & EOS-1 CAN BE BOTTOM.
... A530: 9|5|5 | B530: 9 | C530: 9(S5/R5) | D530: 9(S5/R5) S-Bullish R-Bearish | E530: WTT (weak toward top) | F530: WTB (weak toward bottom) | G530: 5 | H530: SHIFTED FROM TOP TO BOTTOM [WTT % IS THERE IN CONTINUATION] AND THEN WTT AT NEW PLACE | I530: bullish | J530: 5 | K530: SHIFTED FROM BOTTOM TO TOP [WTB % IS THERE IN CONTINUATION] AND THEN WTB AT NEW PLACE | L530: bearish | M530: Contested (sides pull apart) | N530: EOR+1 | O530: EOS-1 | P530: Top and bottom | Q530: Short at EOR+1 (resistance side); Long at EOS-1 (support side) | R530: No risky trade | S530: RESISTANCE HAS BEARISH PRESSURE BUT SUPPORT HAS BULLISH PRESSURE, SO EOR+1 CAN BE THE TOP & EOS-1 CAN BE THE BOTTOM.

Sheet Rules
A1: Rule | B1: Source | C1: Status | D1: Detail
A2: The top and bottom come from the pressure of both sides | B2: course | C2: confirmed | D2: Detailed Chart of Accuracy 1.0, all 529 practice-tool cases verified (docs/ltp-coa-verification.md).
A3: WTT-1 / WTB+1 replace the top / bottom only for a weak side with matching pressure | B3: course | C3: confirmed | D3: Resistance weak toward top now AND bullish gives WTT-1; support weak toward bottom now AND bearish gives WTB+1; a weak side with the other pressure keeps the plain level.
A4: Highly bearish against highly bullish: do not trade | B4: course | C4: confirmed | D4: The tool still names EOR+1 (WTT-1) as the risky top and EOS-1 (WTB+1) as the risky bottom.
A5: The first touch of a level is generally safe; risk rises with each further touch | B5: course | C5: confirmed | D5: From the chart of accuracy chapter.
A6: Weekly range: risky, moderate and generally safe bands | B6: course | C6: confirmed | D6: L1 risky, L2 moderate, L3 generally safe (price plus or minus S, 2S, 3S).
A7: Tug of war: risky trades are allowed when both sides push one way, or one pushes highly and the other is stable | B7: user | C7: confirmed | D7: Bears winning gives a risky short, bulls winning a risky long, at the level the live tool shows as Risky. Sides pulling against each other are contested: no risky trade. A plain push against a stable side is only a mild lead: no risky trade. Do not skip on the first-level scenario: decide from the mind-map outcome.
A8: Every trade risks one diversion: the stop is one strike step from the entry (NIFTY 50 points, BANKNIFTY and SENSEX 100) | B8: user | C8: confirmed | D8: Applies to every setup in v2.0 (reversal, 9:20, SOC, risky, very risky). Earlier versions keep the 9:20 style stop.
A9: Very high push allows very risky trades at the nearest end of diversion (EOD) | B9: user | C9: confirmed | D9: Very high = both sides push the same way and at least one pushes highly (highly with plain, or both highly). Bears winning: a very risky short at the nearest end of diversion above the price; bulls winning: a very risky long at the nearest end of diversion below it.
A10: The live tool shows the risky and moderate levels itself | B10: user | C10: confirmed | D10: Use the tool's displayed Risky and Moderate values, not our own formula (ours, EOR-1 / EOS+1, was a guess).

Sheet Open questions
A1: Still undecided
A2: Which of the tool's lines is the safe, the moderate and the risky entry in each scenario?
A3: What exactly are the tool's Risky, Moderate, Max Pain and Max Gain lines? To be read from the live tool in a session.
A4: Stops, targets and time limits per tier.
